"","Temperatura 1 Último (C)","Temperatura 2 Último (C)","Presión Último (bar)"
"00:00:00.000","17,447","128,605","150,470"
"00:00:00.060","17,425","128,634","150,483"
"00:00:00.120","17,442","128,703","150,673"
"00:00:00.180","17,437","128,722","150,746"
"00:00:00.240","17,432","128,742","150,818"
"00:00:00.300","17,426","128,762","150,891"
"00:00:00.360","17,421","128,787","151,014"
"00:00:00.420","17,415","128,811","151,137"
"00:00:00.480","17,409","128,836","151,259"
"00:00:00.540","17,411","128,852","151,379"
"00:00:00.600","17,413","128,868","151,498"
"00:00:00.660","17,415","128,884","151,617"
"00:00:00.720","17,407","128,903","151,738"
"00:00:00.780","17,398","128,923","151,858"
"00:00:00.840","17,390","128,942","151,978"
"00:00:00.900","17,369","128,944","152,079"
"00:00:00.960","17,348","128,945","152,180"
"00:00:01.020","17,326","128,946","152,281"
"00:00:01.080","17,328","128,946","152,350"
"00:00:01.140","17,330","128,946","152,418"
"00:00:01.200","17,332","128,946","152,486"
"00:00:01.260","17,334","128,946","152,554"
"00:00:01.320","17,339","128,944","152,593"
"00:00:01.380","17,344","128,942","152,631"
"00:00:01.440","17,350","128,941","152,670"
"00:00:01.500","17,342","128,954","152,668"
"00:00:01.560","17,335","128,967","152,666"
"00:00:01.620","17,328","128,980","152,665"
"00:00:01.680","17,367","128,944","152,635"
"00:00:01.740","17,405","128,909","152,606"
"00:00:01.800","17,444","128,874","152,577"
"00:00:01.860","17,425","128,880","152,522"
"00:00:01.920","17,405","128,885","152,467"
"00:00:01.980","17,386","128,891","152,412"
"00:00:02.040","17,400","128,897","152,289"
"00:00:02.100","17,415","128,903","152,166"
"00:00:02.160","17,416","128,897","152,053"
"00:00:02.220","17,416","128,891","151,941"
"00:00:02.280","17,417","128,885","151,828"
"00:00:02.340","17,414","128,880","151,700"
"00:00:02.400","17,412","128,874","151,572"
"00:00:02.460","17,409","128,868","151,445"
"00:00:02.520","17,428","128,853","151,317"
"00:00:02.580","17,446","128,838","151,189"
"00:00:02.640","17,465","128,823","151,061"
"00:00:02.700","17,454","128,832","150,961"
"00:00:02.760","17,443","128,841","150,861"
"00:00:02.820","17,432","128,850","150,761"
"00:00:02.880","17,430","128,854","150,681"
"00:00:02.940","17,428","128,858","150,602"
"00:00:03.000","17,426","128,862","150,523"
"00:00:03.060","17,423","128,886","150,501"
"00:00:03.120","17,419","128,910","150,480"
"00:00:03.180","17,415","128,934","150,458"
"00:00:03.240","17,411","128,958","150,437"
"00:00:03.300","17,407","128,982","150,415"
"00:00:03.360","17,412","129,009","150,420"
"00:00:03.420","17,417","129,037","150,425"
"00:00:03.480","17,423","129,064","150,430"
"00:00:03.540","17,423","129,085","150,459"
"00:00:03.600","17,424","129,105","150,489"
"00:00:03.660","17,425","129,125","150,518"
"00:00:03.720","17,408","129,148","150,580"
"00:00:03.780","17,392","129,170","150,643"
"00:00:03.840","17,376","129,192","150,706"
"00:00:03.900","17,389","129,230","150,782"
"00:00:03.960","17,402","129,268","150,859"
"00:00:04.020","17,415","129,306","150,936"
"00:00:04.080","17,382","129,347","151,282"
"00:00:04.140","17,366","129,387","151,421"
"00:00:04.200","17,349","129,426","151,561"
"00:00:04.260","17,332","129,465","151,700"
"00:00:04.320","17,339","129,496","151,805"
"00:00:04.380","17,345","129,527","151,911"
"00:00:04.440","17,351","129,558","152,016"
"00:00:04.500","17,340","129,562","152,130"
"00:00:04.560","17,328","129,566","152,245"
"00:00:04.620","17,317","129,570","152,359"
"00:00:04.680","17,340","129,571","152,409"
"00:00:04.740","17,363","129,572","152,459"
"00:00:04.800","17,386","129,574","152,509"
"00:00:04.860","17,380","129,572","152,532"
"00:00:04.920","17,373","129,570","152,554"
"00:00:04.980","17,367","129,568","152,577"
"00:00:05.040","17,366","129,572","152,575"
"00:00:05.100","17,365","129,577","152,574"
"00:00:05.160","17,363","129,582","152,572"
"00:00:05.220","17,362","129,587","152,571"
"00:00:05.280","17,361","129,591","152,569"
"00:00:05.340","17,358","129,620","152,537"
"00:00:05.400","17,355","129,649","152,504"
"00:00:05.460","17,351","129,678","152,472"
"00:00:05.520","17,342","129,705","152,422"
"00:00:05.580","17,333","129,733","152,373"
"00:00:05.640","17,325","129,760","152,324"
"00:00:05.700","17,351","129,745","152,233"
"00:00:05.760","17,378","129,729","152,142"
"00:00:05.820","17,405","129,713","152,051"
"00:00:05.880","17,415","129,682","151,945"
"00:00:05.940","17,425","129,650","151,839"
"00:00:06.000","17,434","129,619","151,733"
"00:00:06.060","17,424","129,562","151,549"
"00:00:06.120","17,413","129,505","151,364"
"00:00:06.180","17,409","129,494","151,259"
"00:00:06.240","17,405","129,482","151,154"
"00:00:06.300","17,401","129,471","151,049"
"00:00:06.360","17,408","129,414","150,963"
"00:00:06.420","17,416","129,357","150,877"
"00:00:06.480","17,423","129,300","150,791"
"00:00:06.540","17,423","129,258","150,724"
"00:00:06.600","17,423","129,215","150,657"
"00:00:06.660","17,423","129,172","150,590"
"00:00:06.720","17,406","129,151","150,556"
"00:00:06.780","17,389","129,129","150,522"
"00:00:06.840","17,373","129,108","150,488"
"00:00:06.900","17,398","129,091","150,504"
"00:00:06.960","17,423","129,075","150,519"
"00:00:07.020","17,448","129,058","150,535"
"00:00:07.080","17,437","129,045","150,562"
"00:00:07.140","17,427","129,032","150,589"
"00:00:07.200","17,417","129,019","150,616"
"00:00:07.260","17,407","129,005","150,643"
"00:00:07.320","17,398","129,003","150,712"
"00:00:07.380","17,388","129,000","150,782"
"00:00:07.440","17,378","128,998","150,851"
"00:00:07.500","17,412","128,999","150,952"
"00:00:07.560","17,446","129,000","151,053"
"00:00:07.620","17,480","129,001","151,154"
"00:00:07.680","17,439","129,017","151,269"
"00:00:07.740","17,397","129,032","151,385"
"00:00:07.800","17,355","129,047","151,500"
"00:00:07.860","17,355","129,085","151,608"
"00:00:07.920","17,355","129,124","151,717"
"00:00:07.980","17,355","129,163","151,825"
"00:00:08.040","17,351","129,204","151,979"
"00:00:08.100","17,348","129,245","152,133"
"00:00:08.160","17,339","129,279","152,250"
"00:00:08.220","17,331","129,313","152,367"
"00:00:08.280","17,323","129,347","152,484"
"00:00:08.340","17,328","129,365","152,511"
"00:00:08.400","17,334","129,383","152,538"
"00:00:08.460","17,340","129,401","152,564"
"00:00:08.520","17,321","129,410","152,608"
"00:00:08.580","17,301","129,419","152,651"
"00:00:08.640","17,282","129,428","152,695"
"00:00:08.700","17,310","129,411","152,672"
"00:00:08.760","17,337","129,394","152,649"
"00:00:08.820","17,365","129,377","152,627"
"00:00:08.880","17,378","129,364","152,587"
"00:00:08.940","17,391","129,352","152,547"
"00:00:09.000","17,403","129,340","152,507"
"00:00:09.060","17,401","129,329","152,484"
"00:00:09.120","17,400","129,319","152,462"
"00:00:09.180","17,398","129,309","152,439"
"00:00:09.240","17,396","129,299","152,417"
"00:00:09.300","17,394","129,288","152,394"
"00:00:09.360","17,387","129,270","152,277"
"00:00:09.420","17,381","129,252","152,160"
"00:00:09.480","17,375","129,233","152,043"
"00:00:09.540","17,383","129,246","151,936"
"00:00:09.600","17,391","129,258","151,828"
"00:00:09.660","17,400","129,271","151,720"
"00:00:09.720","17,383","129,284","151,595"
"00:00:09.780","17,367","129,297","151,470"
"00:00:09.840","17,351","129,310","151,344"
"00:00:09.900","17,383","129,300","151,220"
"00:00:09.960","17,414","129,290","151,096"
"00:00:10.020","17,446","129,281","150,971"
"00:00:10.080","17,417","129,316","150,713"
"00:00:10.140","17,420","129,332","150,654"
"00:00:10.200","17,423","129,349","150,595"
"00:00:10.260","17,426","129,365","150,535"
"00:00:10.320","17,435","129,391","150,507"
"00:00:10.380","17,444","129,418","150,479"
"00:00:10.440","17,453","129,444","150,450"
"00:00:10.500","17,458","129,437","150,460"
"00:00:10.560","17,462","129,431","150,470"
"00:00:10.620","17,467","129,424","150,480"
"00:00:10.680","17,473","129,434","150,517"
"00:00:10.740","17,478","129,444","150,554"
"00:00:10.800","17,484","129,454","150,590"
"00:00:10.860","17,429","129,475","150,655"
"00:00:10.920","17,374","129,496","150,719"
"00:00:10.980","17,319","129,517","150,783"
"00:00:11.040","17,330","129,507","150,834"
"00:00:11.100","17,341","129,498","150,885"
"00:00:11.160","17,352","129,489","150,935"
"00:00:11.220","17,363","129,480","150,986"
"00:00:11.280","17,375","129,471","151,036"
"00:00:11.340","17,358","129,472","151,156"
"00:00:11.400","17,342","129,473","151,275"
"00:00:11.460","17,326","129,473","151,395"
"00:00:11.520","17,316","129,478","151,536"
"00:00:11.580","17,306","129,482","151,677"
"00:00:11.640","17,296","129,487","151,818"
"00:00:11.700","17,305","129,462","151,936"
"00:00:11.760","17,315","129,437","152,053"
"00:00:11.820","17,325","129,412","152,171"
"00:00:11.880","17,308","129,385","152,260"
"00:00:11.940","17,292","129,357","152,350"
"00:00:12.000","17,276","129,330","152,439"
"00:00:12.060","17,245","129,346","152,528"
"00:00:12.120","17,213","129,363","152,617"
"00:00:12.180","17,242","129,330","152,628"
"00:00:12.240","17,271","129,298","152,639"
"00:00:12.300","17,300","129,265","152,649"
"00:00:12.360","17,319","129,269","152,634"
"00:00:12.420","17,339","129,273","152,618"
"00:00:12.480","17,359","129,277","152,602"
"00:00:12.540","17,357","129,269","152,558"
"00:00:12.600","17,355","129,262","152,513"
"00:00:12.660","17,353","129,255","152,469"
"00:00:12.720","17,350","129,269","152,398"
"00:00:12.780","17,347","129,283","152,327"
"00:00:12.840","17,344","129,296","152,256"
"00:00:12.900","17,363","129,300","152,154"
"00:00:12.960","17,382","129,304","152,051"
"00:00:13.020","17,401","129,308","151,948"
"00:00:13.080","17,411","129,317","151,862"
"00:00:13.140","17,420","129,327","151,775"
"00:00:13.200","17,429","129,336","151,689"
"00:00:13.260","17,438","129,346","151,602"
"00:00:13.320","17,424","129,363","151,482"
"00:00:13.380","17,410","129,381","151,362"
"00:00:13.440","17,396","129,399","151,242"
"00:00:13.500","17,407","129,410","151,130"
"00:00:13.560","17,419","129,421","151,018"
"00:00:13.620","17,430","129,432","150,906"
"00:00:13.680","17,454","129,418","150,832"
"00:00:13.740","17,478","129,404","150,757"
"00:00:13.800","17,501","129,391","150,683"
"00:00:13.860","17,498","129,377","150,628"
"00:00:13.920","17,495","129,363","150,573"
"00:00:13.980","17,492","129,349","150,518"
"00:00:14.040","17,469","129,345","150,488"
"00:00:14.100","17,446","129,340","150,458"
"00:00:14.160","17,433","129,321","150,505"
"00:00:14.220","17,420","129,303","150,553"
"00:00:14.280","17,407","129,285","150,600"
"00:00:14.340","17,414","129,301","150,643"
"00:00:14.400","17,420","129,317","150,686"
"00:00:14.460","17,426","129,334","150,728"
"00:00:14.520","17,429","129,342","150,787"
"00:00:14.580","17,432","129,351","150,845"
"00:00:14.640","17,434","129,359","150,904"
"00:00:14.700","17,430","129,382","151,029"
"00:00:14.760","17,426","129,405","151,154"
"00:00:14.820","17,423","129,428","151,279"
"00:00:14.880","17,408","129,439","151,394"
"00:00:14.940","17,394","129,450","151,508"
"00:00:15.000","17,380","129,461","151,622"
"00:00:15.060","17,366","129,452","151,695"
"00:00:15.120","17,353","129,443","151,767"
"00:00:15.180","17,339","129,434","151,839"
"00:00:15.240","17,325","129,425","151,911"
"00:00:15.300","17,311","129,416","151,983"
"00:00:15.360","17,319","129,418","152,098"
"00:00:15.420","17,326","129,419","152,212"
"00:00:15.480","17,334","129,420","152,326"
"00:00:15.540","17,323","129,416","152,390"
"00:00:15.600","17,311","129,411","152,453"
"00:00:15.660","17,300","129,406","152,517"
"00:00:15.720","17,332","129,386","152,564"
"00:00:15.780","17,364","129,366","152,612"
"00:00:15.840","17,396","129,346","152,660"
"00:00:15.900","17,380","129,363","152,677"
"00:00:15.960","17,364","129,381","152,695"
"00:00:16.020","17,348","129,399","152,712"
"00:00:16.080","17,361","129,346","152,710"
"00:00:16.140","17,338","129,323","152,625"
"00:00:16.200","17,315","129,300","152,541"
"00:00:16.260","17,292","129,277","152,457"
"00:00:16.320","17,306","129,252","152,358"
"00:00:16.380","17,320","129,227","152,260"
"00:00:16.440","17,334","129,202","152,161"
"00:00:16.500","17,366","129,214","152,072"
"00:00:16.560","17,397","129,227","151,982"
"00:00:16.620","17,428","129,239","151,893"
"00:00:16.680","17,421","129,188","151,752"
"00:00:16.740","17,414","129,136","151,611"
"00:00:16.800","17,407","129,084","151,470"
"00:00:16.860","17,408","129,096","151,340"
"00:00:16.920","17,410","129,109","151,211"
"00:00:16.980","17,411","129,121","151,081"
"00:00:17.040","17,422","129,137","151,019"
"00:00:17.100","17,433","129,152","150,957"
"00:00:17.160","17,443","129,167","150,895"
"00:00:17.220","17,454","129,183","150,833"
"00:00:17.280","17,465","129,198","150,771"
"00:00:17.340","17,455","129,212","150,701"
"00:00:17.400","17,444","129,227","150,631"
"00:00:17.460","17,434","129,241","150,560"
"00:00:17.520","17,424","129,239","150,543"
"00:00:17.580","17,414","129,236","150,525"
"00:00:17.640","17,403","129,233","150,508"
"00:00:17.700","17,408","129,246","150,534"
"00:00:17.760","17,412","129,258","150,561"
"00:00:17.820","17,417","129,271","150,588"
"00:00:17.880","17,422","129,258","150,634"
"00:00:17.940","17,427","129,246","150,680"
"00:00:18.000","17,432","129,233","150,726"
"00:00:18.060","17,424","129,241","150,810"
"00:00:18.120","17,415","129,249","150,894"
"00:00:18.180","17,401","129,250","151,014"
"00:00:18.240","17,387","129,250","151,134"
"00:00:18.300","17,373","129,251","151,254"
"00:00:18.360","17,347","129,285","151,383"
"00:00:18.420","17,321","129,318","151,511"
"00:00:18.480","17,296","129,351","151,640"
"00:00:18.540","17,319","129,382","151,749"
"00:00:18.600","17,342","129,412","151,857"
"00:00:18.660","17,365","129,442","151,966"
"00:00:18.720","17,366","129,429","152,089"
"00:00:18.780","17,366","129,416","152,213"
"00:00:18.840","17,367","129,403","152,336"
"00:00:18.900","17,358","129,348","152,403"
"00:00:18.960","17,350","129,294","152,470"
"00:00:19.020","17,342","129,239","152,537"
"00:00:19.080","17,326","129,168","152,607"
"00:00:19.140","17,311","129,096","152,677"
"00:00:19.200","17,322","129,105","152,676"
"00:00:19.260","17,333","129,114","152,675"
"00:00:19.320","17,344","129,123","152,675"
"00:00:19.380","17,347","129,123","152,675"
"00:00:19.440","17,350","129,123","152,675"
"00:00:19.500","17,353","129,123","152,675"
"00:00:19.560","17,350","129,123","152,604"
"00:00:19.620","17,347","129,122","152,534"
"00:00:19.680","17,344","129,121","152,464"
"00:00:19.740","17,359","129,127","152,379"
"00:00:19.800","17,375","129,133","152,294"
"00:00:19.860","17,390","129,139","152,209"
"00:00:19.920","17,378","129,166","152,123"
"00:00:19.980","17,367","129,193","152,038"
"00:00:20.040","17,355","129,220","151,953"
"00:00:20.100","17,342","129,247","151,840"
"00:00:20.160","17,328","129,274","151,726"
"00:00:20.220","17,315","129,301","151,613"
"00:00:20.280","17,301","129,328","151,500"
"00:00:20.340","17,340","129,342","151,236"
"00:00:20.400","17,378","129,357","150,972"
"00:00:20.460","17,417","129,371","150,708"
"00:00:20.520","17,423","127,982","117,794"
"00:00:20.580","17,430","126,594","84,880"
"00:00:20.640","17,436","125,205","51,967"
"00:00:20.700","17,423","118,230","53,223"
"00:00:20.760","17,410","111,255","54,480"
"00:00:20.820","17,398","104,280","55,737"
"00:00:20.880","17,396","97,671","53,666"
"00:00:20.940","17,394","91,062","51,595"
"00:00:21.000","17,392","84,453","49,524"
"00:00:21.060","17,443","79,157","44,776"
"00:00:21.120","17,494","73,861","40,028"
"00:00:21.180","17,460","72,099","36,606"
"00:00:21.240","17,426","70,338","33,185"
"00:00:21.300","17,392","68,577","29,763"
"00:00:21.360","17,421","67,593","26,761"
"00:00:21.420","17,451","66,609","23,760"
"00:00:21.480","17,480","65,626","20,758"
"00:00:21.540","17,505","65,065","18,014"
"00:00:21.600","17,530","64,505","15,270"
"00:00:21.660","17,555","63,945","12,527"
"00:00:21.720","17,598","63,634","11,245"
"00:00:21.780","17,640","63,322","9,963"
"00:00:21.840","17,682","63,011","8,682"
"00:00:21.900","17,677","62,904","7,892"
"00:00:21.960","17,672","62,796","7,103"
"00:00:22.020","17,667","62,689","6,314"
"00:00:22.080","17,678","62,656","5,871"
"00:00:22.140","17,690","62,624","5,428"
"00:00:22.200","17,701","62,591","4,984"
"00:00:22.260","17,713","62,559","4,541"
"00:00:22.320","17,745","62,564","4,064"
"00:00:22.380","17,777","62,569","3,587"
"00:00:22.440","17,809","62,575","3,111"
"00:00:22.500","17,820","62,626","2,762"
"00:00:22.560","17,831","62,677","2,413"
"00:00:22.620","17,842","62,728","2,064"
"00:00:22.680","17,888","62,776","1,729"
"00:00:22.740","17,934","62,825","1,394"
"00:00:22.800","17,980","62,873","1,059"
"00:00:22.860","18,025","62,934","0,844"
"00:00:22.920","18,070","62,994","0,628"
"00:00:22.980","18,115","63,054","0,413"
"00:00:23.040","18,192","63,143","0,022"
"00:00:23.100","18,269","63,231","-0,369"
"00:00:23.160","18,317","63,322","-0,507"
"00:00:23.220","18,366","63,413","-0,644"
"00:00:23.280","18,415","63,504","-0,782"
"00:00:23.340","18,469","63,573","-0,822"
"00:00:23.400","18,522","63,641","-0,862"
"00:00:23.460","18,576","63,709","-0,902"
"00:00:23.520","18,633","63,773","-1,010"
"00:00:23.580","18,690","63,837","-1,118"
"00:00:23.640","18,747","63,902","-1,225"
"00:00:23.700","18,760","63,970","-1,346"
"00:00:23.760","18,772","64,039","-1,466"
"00:00:23.820","18,784","64,108","-1,586"
"00:00:23.880","18,842","64,183","-1,697"
"00:00:23.940","18,899","64,259","-1,808"
"00:00:24.000","18,957","64,334","-1,919"
"00:00:24.060","18,971","64,364","-1,967"
"00:00:24.120","18,985","64,393","-2,014"
"00:00:24.180","18,998","64,423","-2,062"
"00:00:24.240","19,012","64,452","-2,110"
"00:00:24.300","19,026","64,481","-2,157"
"00:00:24.360","19,034","64,572","-2,191"
"00:00:24.420","19,043","64,662","-2,226"
"00:00:24.480","19,051","64,753","-2,260"
"00:00:24.540","19,031","64,817","-2,288"
"00:00:24.600","19,010","64,881","-2,315"
"00:00:24.660","18,990","64,945","-2,343"
"00:00:24.720","19,059","65,034","-2,339"
"00:00:24.780","19,128","65,122","-2,336"
"00:00:24.840","19,197","65,211","-2,333"
"00:00:24.900","19,215","65,274","-2,296"
"00:00:24.960","19,233","65,338","-2,259"
"00:00:25.020","19,251","65,402","-2,222"
"00:00:25.080","19,266","65,523","-2,137"
"00:00:25.140","19,282","65,645","-2,052"
"00:00:25.200","19,306","65,759","-1,942"
"00:00:25.260","19,329","65,872","-1,832"
"00:00:25.320","19,353","65,985","-1,721"
"00:00:25.380","19,365","66,075","-1,612"
"00:00:25.440","19,376","66,165","-1,503"
"00:00:25.500","19,388","66,255","-1,393"
"00:00:25.560","19,405","66,367","-1,276"
"00:00:25.620","19,422","66,480","-1,159"
"00:00:25.680","19,440","66,593","-1,043"
"00:00:25.740","19,458","66,693","-0,914"
"00:00:25.800","19,477","66,793","-0,785"
"00:00:25.860","19,495","66,894","-0,657"
"00:00:25.920","19,508","66,995","-0,560"
"00:00:25.980","19,521","67,096","-0,463"
"00:00:26.040","19,534","67,196","-0,366"
"00:00:26.100","19,540","67,277","-0,346"
"00:00:26.160","19,546","67,358","-0,326"
"00:00:26.220","19,552","67,438","-0,306"
"00:00:26.280","19,559","67,519","-0,286"
"00:00:26.340","19,581","67,599","-0,259"
"00:00:26.400","19,602","67,680","-0,233"
"00:00:26.460","19,624","67,761","-0,206"
"00:00:26.520","19,649","67,911","-0,243"
"00:00:26.580","19,674","68,062","-0,281"
"00:00:26.640","19,699","68,213","-0,319"
"00:00:26.700","19,714","68,303","-0,346"
"00:00:26.760","19,730","68,392","-0,374"
"00:00:26.820","19,745","68,482","-0,401"
"00:00:26.880","19,792","68,594","-0,488"
"00:00:26.940","19,839","68,706","-0,575"
"00:00:27.000","19,886","68,818","-0,662"
"00:00:27.060","19,817","68,960","-0,818"
"00:00:27.120","19,749","69,101","-0,975"
"00:00:27.180","19,797","69,188","-1,099"
"00:00:27.240","19,844","69,274","-1,222"
"00:00:27.300","19,891","69,361","-1,346"
"00:00:27.360","19,913","69,440","-1,468"
"00:00:27.420","19,935","69,520","-1,591"
"00:00:27.480","19,957","69,599","-1,714"
"00:00:27.540","19,945","69,638","-1,820"
"00:00:27.600","19,934","69,677","-1,926"
"00:00:27.660","19,922","69,717","-2,032"
"00:00:27.720","19,934","69,770","-2,107"
"00:00:27.780","19,946","69,823","-2,182"
"00:00:27.840","19,959","69,876","-2,257"
"00:00:27.900","19,969","69,935","-2,315"
"00:00:27.960","19,979","69,994","-2,373"
"00:00:28.020","19,989","70,053","-2,430"
"00:00:28.080","19,966","70,098","-2,436"
"00:00:28.140","19,942","70,143","-2,442"
"00:00:28.200","19,919","70,189","-2,447"
"00:00:28.260","19,895","70,234","-2,453"
"00:00:28.320","19,932","70,291","-2,413"
"00:00:28.380","19,970","70,349","-2,373"
"00:00:28.440","20,007","70,407","-2,333"
"00:00:28.500","20,020","70,480","-2,300"
"00:00:28.560","20,032","70,552","-2,267"
"00:00:28.620","20,045","70,625","-2,235"
"00:00:28.680","20,046","70,679","-2,183"
"00:00:28.740","20,046","70,734","-2,131"
"00:00:28.800","20,047","70,788","-2,080"
"00:00:28.860","20,025","70,865","-1,983"
"00:00:28.920","20,002","70,942","-1,886"
"00:00:28.980","19,980","71,018","-1,789"
"00:00:29.040","20,008","71,127","-1,610"
"00:00:29.100","20,036","71,236","-1,431"
"00:00:29.160","20,038","71,321","-1,311"
"00:00:29.220","20,041","71,406","-1,190"
"00:00:29.280","20,043","71,490","-1,070"
"00:00:29.340","20,031","71,559","-0,966"
"00:00:29.400","20,019","71,628","-0,861"
"00:00:29.460","20,007","71,696","-0,757"
"00:00:29.520","20,014","71,772","-0,668"
"00:00:29.580","20,022","71,847","-0,578"
"00:00:29.640","20,030","71,923","-0,489"
"00:00:29.700","20,048","71,996","-0,445"
"00:00:29.760","20,067","72,069","-0,400"
"00:00:29.820","20,086","72,143","-0,356"
"00:00:29.880","20,073","72,207","-0,338"
"00:00:29.940","20,060","72,271","-0,319"
"00:00:30.000","20,047","72,335","-0,301"
"00:00:30.060","20,062","72,383","-0,311"
"00:00:30.120","20,076","72,430","-0,320"
"00:00:30.180","20,091","72,477","-0,330"
"00:00:30.240","20,106","72,524","-0,339"
"00:00:30.300","20,120","72,571","-0,349"
"00:00:30.360","20,116","72,632","-0,380"
"00:00:30.420","20,111","72,693","-0,412"
"00:00:30.480","20,107","72,754","-0,444"
"00:00:30.540","20,111","72,827","-0,532"
"00:00:30.600","20,114","72,900","-0,619"
"00:00:30.660","20,118","72,972","-0,707"
"00:00:30.720","20,125","73,022","-0,800"
"00:00:30.780","20,131","73,072","-0,892"
"00:00:30.840","20,137","73,122","-0,985"
"00:00:30.900","20,148","73,198","-1,099"
"00:00:30.960","20,158","73,274","-1,212"
"00:00:31.020","20,168","73,350","-1,326"
"00:00:31.080","20,187","73,519","-1,704"
"00:00:31.140","20,196","73,569","-1,813"
"00:00:31.200","20,204","73,620","-1,923"
"00:00:31.260","20,212","73,670","-2,032"
"00:00:31.320","20,220","73,713","-2,121"
"00:00:31.380","20,227","73,755","-2,209"
"00:00:31.440","20,234","73,798","-2,298"
"00:00:31.500","20,250","73,871","-2,360"
"00:00:31.560","20,266","73,944","-2,423"
"00:00:31.620","20,282","74,016","-2,485"
"00:00:31.680","20,261","74,064","-2,500"
"00:00:31.740","20,241","74,112","-2,515"
"00:00:31.800","20,220","74,160","-2,530"
"00:00:31.860","20,221","74,191","-2,508"
"00:00:31.920","20,223","74,221","-2,485"
"00:00:31.980","20,224","74,252","-2,463"
"00:00:32.040","20,226","74,279","-2,434"
"00:00:32.100","20,228","74,306","-2,406"
"00:00:32.160","20,230","74,332","-2,377"
"00:00:32.220","20,232","74,359","-2,349"
"00:00:32.280","20,234","74,386","-2,320"
"00:00:32.340","20,230","74,429","-2,233"
"00:00:32.400","20,227","74,472","-2,146"
"00:00:32.460","20,224","74,516","-2,060"
"00:00:32.520","20,216","74,578","-1,960"
"00:00:32.580","20,207","74,640","-1,861"
"00:00:32.640","20,199","74,702","-1,761"
"00:00:32.700","20,210","74,778","-1,638"
"00:00:32.760","20,221","74,854","-1,514"
"00:00:32.820","20,232","74,930","-1,391"
"00:00:32.880","20,213","74,997","-1,259"
"00:00:32.940","20,195","75,063","-1,127"
"00:00:33.000","20,176","75,129","-0,995"
"00:00:33.060","20,153","75,226","-0,838"
"00:00:33.120","20,130","75,324","-0,682"
"00:00:33.180","20,147","75,396","-0,593"
"00:00:33.240","20,164","75,468","-0,505"
"00:00:33.300","20,182","75,540","-0,416"
"00:00:33.360","20,185","75,619","-0,398"
"00:00:33.420","20,188","75,698","-0,380"
"00:00:33.480","20,191","75,778","-0,361"
"00:00:33.540","20,209","75,852","-0,359"
"00:00:33.600","20,227","75,926","-0,356"
"00:00:33.660","20,245","76,000","-0,354"
"00:00:33.720","20,249","76,087","-0,399"
"00:00:33.780","20,253","76,174","-0,444"
"00:00:33.840","20,257","76,261","-0,489"
"00:00:33.900","20,266","76,352","-0,533"
"00:00:33.960","20,275","76,442","-0,577"
"00:00:34.020","20,284","76,533","-0,622"
"00:00:34.080","20,274","76,597","-0,684"
"00:00:34.140","20,264","76,660","-0,747"
"00:00:34.200","20,255","76,724","-0,810"
"00:00:34.260","20,245","76,788","-0,872"
"00:00:34.320","20,257","76,845","-0,979"
"00:00:34.380","20,270","76,901","-1,086"
"00:00:34.440","20,282","76,957","-1,193"
"00:00:34.500","20,290","77,022","-1,339"
"00:00:34.560","20,298","77,087","-1,485"
"00:00:34.620","20,307","77,152","-1,631"
"00:00:34.680","20,313","77,221","-1,740"
"00:00:34.740","20,319","77,290","-1,848"
"00:00:34.800","20,326","77,358","-1,957"
"00:00:34.860","20,301","77,408","-2,056"
"00:00:34.920","20,276","77,457","-2,156"
"00:00:34.980","20,251","77,506","-2,255"
"00:00:35.040","20,261","77,610","-2,340"
"00:00:35.100","20,270","77,714","-2,425"
"00:00:35.160","20,291","77,757","-2,454"
"00:00:35.220","20,311","77,801","-2,482"
"00:00:35.280","20,332","77,844","-2,510"
"00:00:35.340","20,340","77,899","-2,521"
"00:00:35.400","20,348","77,954","-2,532"
"00:00:35.460","20,357","78,009","-2,543"
"00:00:35.520","20,353","78,056","-2,489"
"00:00:35.580","20,350","78,103","-2,434"
"00:00:35.640","20,347","78,151","-2,380"
"00:00:35.700","20,332","78,218","-2,334"
"00:00:35.760","20,318","78,286","-2,288"
"00:00:35.820","20,303","78,353","-2,242"
"00:00:35.880","20,292","78,408","-2,147"
"00:00:35.940","20,281","78,462","-2,052"
"00:00:36.000","20,270","78,516","-1,957"
"00:00:36.060","20,272","78,550","-1,897"
"00:00:36.120","20,275","78,583","-1,837"
"00:00:36.180","20,277","78,617","-1,777"
"00:00:36.240","20,279","78,650","-1,716"
"00:00:36.300","20,282","78,683","-1,656"
"00:00:36.360","20,286","78,781","-1,526"
"00:00:36.420","20,291","78,879","-1,396"
"00:00:36.480","20,295","78,976","-1,266"
"00:00:36.540","20,303","79,037","-1,146"
"00:00:36.600","20,312","79,097","-1,027"
"00:00:36.660","20,320","79,157","-0,907"
"00:00:36.720","20,357","79,228","-0,816"
"00:00:36.780","20,394","79,299","-0,725"
"00:00:36.840","20,432","79,370","-0,634"
"00:00:36.900","20,380","79,427","-0,569"
"00:00:36.960","20,328","79,484","-0,504"
"00:00:37.020","20,276","79,541","-0,439"
"00:00:37.080","20,343","79,757","-0,341"
"00:00:37.140","20,353","79,817","-0,368"
"00:00:37.200","20,362","79,877","-0,395"
"00:00:37.260","20,372","79,938","-0,421"
"00:00:37.320","20,380","80,021","-0,456"
"00:00:37.380","20,387","80,104","-0,490"
"00:00:37.440","20,395","80,187","-0,524"
"00:00:37.500","20,378","80,267","-0,601"
"00:00:37.560","20,362","80,346","-0,678"
"00:00:37.620","20,345","80,425","-0,755"
"00:00:37.680","20,352","80,487","-0,851"
"00:00:37.740","20,359","80,550","-0,947"
"00:00:37.800","20,366","80,612","-1,043"
"00:00:37.860","20,380","80,675","-1,154"
"00:00:37.920","20,394","80,738","-1,266"
"00:00:37.980","20,409","80,801","-1,378"
"00:00:38.040","20,419","80,874","-1,591"
"00:00:38.100","20,430","80,948","-1,804"
"00:00:38.160","20,423","81,002","-1,917"
"00:00:38.220","20,416","81,056","-2,030"
"00:00:38.280","20,409","81,109","-2,142"
"00:00:38.340","20,400","81,182","-2,228"
"00:00:38.400","20,392","81,255","-2,314"
"00:00:38.460","20,384","81,328","-2,400"
"00:00:38.520","20,404","81,360","-2,450"
"00:00:38.580","20,425","81,392","-2,499"
"00:00:38.640","20,445","81,424","-2,548"
"00:00:38.700","20,430","81,474","-2,559"
"00:00:38.760","20,416","81,525","-2,570"
"00:00:38.820","20,401","81,575","-2,581"
"00:00:38.880","20,407","81,614","-2,546"
"00:00:38.940","20,412","81,653","-2,510"
"00:00:39.000","20,418","81,691","-2,475"
